INSERT INTO CURSO (ID_CURSO, DESCRIPCION) VALUES ('1', 'curso 1');
INSERT INTO CURSO (ID_CURSO, DESCRIPCION) VALUES ('2', 'curso 2');
INSERT INTO CURSO (ID_CURSO, DESCRIPCION) VALUES ('3', 'curso 3');

INSERT INTO ESTUDIANTE (ID_ESTUDIANTE, RUT, NOMBRE, APELLIDO, CURSO_ID_CURSO) VALUES ('1', '11111-1', 'Juan', 'Lobos', '1');
INSERT INTO ESTUDIANTE (ID_ESTUDIANTE, RUT, NOMBRE, APELLIDO, CURSO_ID_CURSO) VALUES ('2', '22222-2', 'Elizabeth', 'Stone', '1');
INSERT INTO ESTUDIANTE (ID_ESTUDIANTE, RUT, NOMBRE, APELLIDO, CURSO_ID_CURSO) VALUES ('3', '33333-3', 'Cassie', 'Smith', '3');
INSERT INTO ESTUDIANTE (ID_ESTUDIANTE, RUT, NOMBRE, APELLIDO, CURSO_ID_CURSO) VALUES ('4', '44444-4', 'Javiera', 'Jarron', '1');
INSERT INTO ESTUDIANTE (ID_ESTUDIANTE, RUT, NOMBRE, APELLIDO, CURSO_ID_CURSO) VALUES ('5', '55555-5', 'Karin', 'Cretton', '1');
INSERT INTO ESTUDIANTE (ID_ESTUDIANTE, RUT, NOMBRE, APELLIDO, CURSO_ID_CURSO) VALUES ('6', '66666-6', 'Esteban', 'Baesa', '1');
INSERT INTO ESTUDIANTE (ID_ESTUDIANTE, RUT, NOMBRE, APELLIDO, CURSO_ID_CURSO) VALUES ('7', '77777-7', 'Alejandro', 'Torres', '1');
INSERT INTO ESTUDIANTE (ID_ESTUDIANTE, RUT, NOMBRE, APELLIDO, CURSO_ID_CURSO) VALUES ('8', '88888-8', 'Laura', 'Lazo', '2');
INSERT INTO ESTUDIANTE (ID_ESTUDIANTE, RUT, NOMBRE, APELLIDO, CURSO_ID_CURSO) VALUES ('9', '99999-9', 'Michael', 'Munoz', '2');
INSERT INTO ESTUDIANTE (ID_ESTUDIANTE, RUT, NOMBRE, APELLIDO, CURSO_ID_CURSO) VALUES ('10', '1111-2', 'Rita', 'Rodrigez', '2');
INSERT INTO ESTUDIANTE (ID_ESTUDIANTE, RUT, NOMBRE, APELLIDO, CURSO_ID_CURSO) VALUES ('11', '1111-3', 'Rodrigo', 'Marin', '2');
INSERT INTO ESTUDIANTE (ID_ESTUDIANTE, RUT, NOMBRE, APELLIDO, CURSO_ID_CURSO) VALUES ('12', '1111-4', 'Ichigo', 'kurasaki', '2');
INSERT INTO ESTUDIANTE (ID_ESTUDIANTE, RUT, NOMBRE, APELLIDO, CURSO_ID_CURSO) VALUES ('13', '2222-1', 'Nana', 'Osaki', '2');
INSERT INTO ESTUDIANTE (ID_ESTUDIANTE, RUT, NOMBRE, APELLIDO, CURSO_ID_CURSO) VALUES ('14', '2222-3', 'Nana', 'Komatsu', '1');
INSERT INTO ESTUDIANTE (ID_ESTUDIANTE, RUT, NOMBRE, APELLIDO, CURSO_ID_CURSO) VALUES ('15', '2222-4', 'Ana', 'Tsuchiya', '1');
INSERT INTO ESTUDIANTE (ID_ESTUDIANTE, RUT, NOMBRE, APELLIDO, CURSO_ID_CURSO) VALUES ('16', '2222-5', 'Armando', 'Casas', '1');
INSERT INTO ESTUDIANTE (ID_ESTUDIANTE, RUT, NOMBRE, APELLIDO, CURSO_ID_CURSO) VALUES ('17', '33333-1', 'Rafael', 'Cabada', '1');
INSERT INTO ESTUDIANTE (ID_ESTUDIANTE, RUT, NOMBRE, APELLIDO, CURSO_ID_CURSO) VALUES ('18', '33333-4', 'Edo', 'Caroe', '1');
INSERT INTO ESTUDIANTE (ID_ESTUDIANTE, RUT, NOMBRE, APELLIDO, CURSO_ID_CURSO) VALUES ('19', '44444-1', 'Nestor', 'Aburrido', '3');

INSERT INTO TEST (ID_TEST, NOMBRE, DESCRIPCION, PROGRAMA, UNIDAD, AUTOR, FECHA_CREACION) VALUES ('1', 'Primera Evaluacion', 'Prueba de POO', 'Programación FullStack Java Trainee', '1', 'Brian', TO_DATE('2020-02-27', 'YYYY-MM-DD'));
INSERT INTO TEST (ID_TEST, NOMBRE, DESCRIPCION, PROGRAMA, UNIDAD, AUTOR, FECHA_CREACION) VALUES ('2', 'Segunda Evaluacion', 'Prueba BD', 'Programacion FullStack Java Trainee', '2', 'Brian', TO_DATE('2020-03-12', 'YYYY-MM-DD'));
INSERT INTO TEST (ID_TEST, NOMBRE, DESCRIPCION, PROGRAMA, UNIDAD, AUTOR, FECHA_CREACION) VALUES ('3', 'Primera Evaluacion Android', 'Prueba Programacion Basica', 'Programacion Android', '1', 'Juan', TO_DATE('2020-02-23', 'YYYY-MM-DD'));

INSERT INTO PREGUNTA (ID_PREGUNTA, ENUNCIADO, PUNTAJE, TEST_ID_TEST) VALUES ('1', '¿Que es una clase?', '5', '1');
INSERT INTO PREGUNTA (ID_PREGUNTA, ENUNCIADO, PUNTAJE, TEST_ID_TEST) VALUES ('2', 'La herencia sirve para obtener las caractiristicas de una clase', '2', '1');
INSERT INTO PREGUNTA (ID_PREGUNTA, ENUNCIADO, PUNTAJE, TEST_ID_TEST) VALUES ('3', 'Las interfaces en java sirven para dar una mejor vista a sus programas', '2', '1');
INSERT INTO PREGUNTA (ID_PREGUNTA, ENUNCIADO, PUNTAJE, TEST_ID_TEST) VALUES ('4', '¿Cual es la funcion de un constructor?', '4', '1');
INSERT INTO PREGUNTA (ID_PREGUNTA, ENUNCIADO, PUNTAJE, TEST_ID_TEST) VALUES ('5', '¿Cuando ocupo la visibilidad private?', '4', '1');
INSERT INTO PREGUNTA (ID_PREGUNTA, ENUNCIADO, PUNTAJE, TEST_ID_TEST) VALUES ('6', '¿Cuando ocupo la visibilidad public?', '4', '1');
INSERT INTO PREGUNTA (ID_PREGUNTA, ENUNCIADO, PUNTAJE, TEST_ID_TEST) VALUES ('7', '¿Cuando ocupo la visibilidad protected?', '4', '1');
INSERT INTO PREGUNTA (ID_PREGUNTA, ENUNCIADO, PUNTAJE, TEST_ID_TEST) VALUES ('8', 'Cuando quiero asociar una clase a una interfaz, ¿Que palabra debo usar?', '4', '1');
INSERT INTO PREGUNTA (ID_PREGUNTA, ENUNCIADO, PUNTAJE, TEST_ID_TEST) VALUES ('9', '¿Que es el polimorfismo?', '4', '1');
INSERT INTO PREGUNTA (ID_PREGUNTA, ENUNCIADO, PUNTAJE, TEST_ID_TEST) VALUES ('10', '¿Cuál es la descripción que crees que define mejor el concepto "clase" en la programación orientada a objetos?
', '6', '1');

INSERT INTO ALTERNATIVA (ID_ALTERNATIVA, DESCRIPCION, ALTERNATIVA_CORRECTA, PORCENTAJE_CORRECTA, PREGUNTA_ID_PREGUNTA) VALUES ('1', 'Es la forma como se representan los datos', '1', '50', '1');
INSERT INTO ALTERNATIVA (ID_ALTERNATIVA, DESCRIPCION, ALTERNATIVA_CORRECTA, PORCENTAJE_CORRECTA, PREGUNTA_ID_PREGUNTA) VALUES ('2', 'Es una fabrica de objetos', '1', '50', '1');
INSERT INTO ALTERNATIVA (ID_ALTERNATIVA, DESCRIPCION, ALTERNATIVA_CORRECTA, PORCENTAJE_CORRECTA, PREGUNTA_ID_PREGUNTA) VALUES ('3', 'Sirve para crear otras clases', '0', '0', '1')
INSERT INTO ALTERNATIVA (ID_ALTERNATIVA, DESCRIPCION, ALTERNATIVA_CORRECTA, PORCENTAJE_CORRECTA, PREGUNTA_ID_PREGUNTA) VALUES ('4', 'Ninguna de las anteriores', '0', '0', '1')

